<?xml version="1.0" encoding="UTF-8"?>
<project-private xmlns="http://www.netbeans.org/ns/project-private/1">
    <editor-bookmarks xmlns="http://www.netbeans.org/ns/editor-bookmarks/2" lastBookmarkId="0"/>
    <open-files xmlns="http://www.netbeans.org/ns/projectui-open-files/2">
        <group>
            <file>file:/C:/Users/FranciscoJavier/Documents/GitHub/grado_informatica-DSD/P2/ChatPrivado/src/Servidor.java</file>
            <file>file:/C:/Users/FranciscoJavier/Documents/GitHub/grado_informatica-DSD/P2/ChatPrivado/src/minilogo.png</file>
            <file>file:/C:/Users/FranciscoJavier/Documents/GitHub/grado_informatica-DSD/P2/ChatPrivado/src/InterfazCliente.java</file>
            <file>file:/C:/Users/FranciscoJavier/Documents/GitHub/grado_informatica-DSD/P2/ChatPrivado/src/Cliente.java</file>
            <file>file:/C:/Users/FranciscoJavier/Documents/GitHub/grado_informatica-DSD/P2/ChatPrivado/src/InterfazServidor.java</file>
            <file>file:/C:/Users/FranciscoJavier/Documents/GitHub/grado_informatica-DSD/P2/ChatPrivado/src/ClienteView.java</file>
            <file>file:/C:/Users/FranciscoJavier/Documents/GitHub/grado_informatica-DSD/P2/ChatPrivado/src/ChatView.java</file>
            <file>file:/C:/Users/FranciscoJavier/Documents/GitHub/grado_informatica-DSD/P2/ChatPrivado/src/logo.png</file>
            <file>file:/C:/Users/FranciscoJavier/Documents/GitHub/grado_informatica-DSD/P2/ChatPrivado/src/CapturarNombreView.java</file>
        </group>
    </open-files>
</project-private>
